Trade Date,Options Class,Underlying,Product Type,Exchange,Volume
2022/01/03,NVDA,NVDA,S,CBOE,97306
2022/01/04,NVDA,NVDA,S,CBOE,86219
2022/01/05,NVDA,NVDA,S,CBOE,87218
2022/01/06,NVDA,NVDA,S,CBOE,77516
2022/01/07,NVDA,NVDA,S,CBOE,81344
2022/01/10,NVDA,NVDA,S,CBOE,89741
2022/01/11,NVDA,NVDA,S,CBOE,64751
2022/01/12,NVDA,NVDA,S,CBOE,53420
2022/01/13,NVDA,NVDA,S,CBOE,86252
2022/01/14,NVDA,NVDA,S,CBOE,78246
2022/01/18,NVDA,NVDA,S,CBOE,41969
2022/01/19,NVDA,NVDA,S,CBOE,60488
2022/01/20,NVDA,NVDA,S,CBOE,63268
2022/01/21,NVDA,NVDA,S,CBOE,112368
2022/01/24,NVDA,NVDA,S,CBOE,113041
2022/01/25,NVDA,NVDA,S,CBOE,57232
2022/01/26,NVDA,NVDA,S,CBOE,77029
2022/01/27,NVDA,NVDA,S,CBOE,70518
2022/01/28,NVDA,NVDA,S,CBOE,84384
2022/01/31,NVDA,NVDA,S,CBOE,76856
2022/02/01,NVDA,NVDA,S,CBOE,66497
2022/02/02,NVDA,NVDA,S,CBOE,74715
2022/02/03,NVDA,NVDA,S,CBOE,50455
2022/02/04,NVDA,NVDA,S,CBOE,54751
2022/02/07,NVDA,NVDA,S,CBOE,47343
2022/02/08,NVDA,NVDA,S,CBOE,46062
2022/02/09,NVDA,NVDA,S,CBOE,93929
2022/02/10,NVDA,NVDA,S,CBOE,75948
2022/02/11,NVDA,NVDA,S,CBOE,114422
2022/02/14,NVDA,NVDA,S,CBOE,38999
2022/02/15,NVDA,NVDA,S,CBOE,60925
2022/02/16,NVDA,NVDA,S,CBOE,82518
2022/02/17,NVDA,NVDA,S,CBOE,96401
2022/02/18,NVDA,NVDA,S,CBOE,91325
2022/02/22,NVDA,NVDA,S,CBOE,41219
2022/02/23,NVDA,NVDA,S,CBOE,63738
2022/02/24,NVDA,NVDA,S,CBOE,84348
2022/02/25,NVDA,NVDA,S,CBOE,91764
2022/02/28,NVDA,NVDA,S,CBOE,43217
2022/03/01,NVDA,NVDA,S,CBOE,48734
2022/03/02,NVDA,NVDA,S,CBOE,45802
2022/03/03,NVDA,NVDA,S,CBOE,54113
2022/03/04,NVDA,NVDA,S,CBOE,69856
2022/03/07,NVDA,NVDA,S,CBOE,48561
2022/03/08,NVDA,NVDA,S,CBOE,62246
2022/03/09,NVDA,NVDA,S,CBOE,57628
2022/03/10,NVDA,NVDA,S,CBOE,64058
2022/03/11,NVDA,NVDA,S,CBOE,50165
2022/03/14,NVDA,NVDA,S,CBOE,47321
2022/03/15,NVDA,NVDA,S,CBOE,56412
2022/03/16,NVDA,NVDA,S,CBOE,91517
2022/03/17,NVDA,NVDA,S,CBOE,76709
2022/03/18,NVDA,NVDA,S,CBOE,129916
2022/03/21,NVDA,NVDA,S,CBOE,88688
2022/03/22,NVDA,NVDA,S,CBOE,78674
2022/03/23,NVDA,NVDA,S,CBOE,71830
2022/03/24,NVDA,NVDA,S,CBOE,192994
2022/03/25,NVDA,NVDA,S,CBOE,116194
2022/03/28,NVDA,NVDA,S,CBOE,62926
2022/03/29,NVDA,NVDA,S,CBOE,87196
2022/03/30,NVDA,NVDA,S,CBOE,63060
2022/03/31,NVDA,NVDA,S,CBOE,80360
2022/04/01,NVDA,NVDA,S,CBOE,97899
2022/04/04,NVDA,NVDA,S,CBOE,54483
2022/04/05,NVDA,NVDA,S,CBOE,58815
2022/04/06,NVDA,NVDA,S,CBOE,99368
2022/04/07,NVDA,NVDA,S,CBOE,65816
2022/04/08,NVDA,NVDA,S,CBOE,77381
2022/04/11,NVDA,NVDA,S,CBOE,64722
2022/04/12,NVDA,NVDA,S,CBOE,66276
2022/04/13,NVDA,NVDA,S,CBOE,59346
2022/04/14,NVDA,NVDA,S,CBOE,72825
2022/04/18,NVDA,NVDA,S,CBOE,58706
2022/04/19,NVDA,NVDA,S,CBOE,52281
2022/04/20,NVDA,NVDA,S,CBOE,57183
2022/04/21,NVDA,NVDA,S,CBOE,99090
2022/04/22,NVDA,NVDA,S,CBOE,98755
2022/04/25,NVDA,NVDA,S,CBOE,49317
2022/04/26,NVDA,NVDA,S,CBOE,73886
2022/04/27,NVDA,NVDA,S,CBOE,44853
2022/04/28,NVDA,NVDA,S,CBOE,62229
2022/04/29,NVDA,NVDA,S,CBOE,52310
2022/05/02,NVDA,NVDA,S,CBOE,42020
2022/05/03,NVDA,NVDA,S,CBOE,29814
2022/05/04,NVDA,NVDA,S,CBOE,52531
2022/05/05,NVDA,NVDA,S,CBOE,44514
2022/05/06,NVDA,NVDA,S,CBOE,64745
2022/05/09,NVDA,NVDA,S,CBOE,47119
2022/05/10,NVDA,NVDA,S,CBOE,63936
2022/05/11,NVDA,NVDA,S,CBOE,61857
2022/05/12,NVDA,NVDA,S,CBOE,69461
2022/05/13,NVDA,NVDA,S,CBOE,88241
2022/05/16,NVDA,NVDA,S,CBOE,47174
2022/05/17,NVDA,NVDA,S,CBOE,58359
2022/05/18,NVDA,NVDA,S,CBOE,49897
2022/05/19,NVDA,NVDA,S,CBOE,53966
2022/05/20,NVDA,NVDA,S,CBOE,84082
2022/05/23,NVDA,NVDA,S,CBOE,39469
2022/05/24,NVDA,NVDA,S,CBOE,43343
2022/05/25,NVDA,NVDA,S,CBOE,85171
2022/05/26,NVDA,NVDA,S,CBOE,154925
2022/05/27,NVDA,NVDA,S,CBOE,83250
2022/05/31,NVDA,NVDA,S,CBOE,43498
2022/06/01,NVDA,NVDA,S,CBOE,37219
2022/06/02,NVDA,NVDA,S,CBOE,56818
2022/06/03,NVDA,NVDA,S,CBOE,47722
2022/06/06,NVDA,NVDA,S,CBOE,33162
2022/06/07,NVDA,NVDA,S,CBOE,26207
2022/06/08,NVDA,NVDA,S,CBOE,24549
2022/06/09,NVDA,NVDA,S,CBOE,38459
2022/06/10,NVDA,NVDA,S,CBOE,54738
2022/06/13,NVDA,NVDA,S,CBOE,42556
2022/06/14,NVDA,NVDA,S,CBOE,30877
2022/06/15,NVDA,NVDA,S,CBOE,34842
2022/06/16,NVDA,NVDA,S,CBOE,39780
2022/06/17,NVDA,NVDA,S,CBOE,45661
2022/06/21,NVDA,NVDA,S,CBOE,35713
2022/06/22,NVDA,NVDA,S,CBOE,29623
2022/06/23,NVDA,NVDA,S,CBOE,38985
2022/06/24,NVDA,NVDA,S,CBOE,50330
2022/06/27,NVDA,NVDA,S,CBOE,24932
2022/06/28,NVDA,NVDA,S,CBOE,41126
2022/06/29,NVDA,NVDA,S,CBOE,41188
2022/06/30,NVDA,NVDA,S,CBOE,43321
2022/07/01,NVDA,NVDA,S,CBOE,65880
2022/07/05,NVDA,NVDA,S,CBOE,43797
2022/07/06,NVDA,NVDA,S,CBOE,58398
2022/07/07,NVDA,NVDA,S,CBOE,48516
2022/07/08,NVDA,NVDA,S,CBOE,54590
2022/07/11,NVDA,NVDA,S,CBOE,27877
2022/07/12,NVDA,NVDA,S,CBOE,26119
2022/07/13,NVDA,NVDA,S,CBOE,41595
2022/07/14,NVDA,NVDA,S,CBOE,43763
2022/07/15,NVDA,NVDA,S,CBOE,43619
2022/07/18,NVDA,NVDA,S,CBOE,75930
2022/07/19,NVDA,NVDA,S,CBOE,67089
2022/07/20,NVDA,NVDA,S,CBOE,80067
2022/07/21,NVDA,NVDA,S,CBOE,63881
2022/07/22,NVDA,NVDA,S,CBOE,62049
2022/07/25,NVDA,NVDA,S,CBOE,40547
2022/07/26,NVDA,NVDA,S,CBOE,31038
2022/07/27,NVDA,NVDA,S,CBOE,51163
2022/07/28,NVDA,NVDA,S,CBOE,46648
2022/07/29,NVDA,NVDA,S,CBOE,59770
2022/08/01,NVDA,NVDA,S,CBOE,57204
2022/08/02,NVDA,NVDA,S,CBOE,48293
2022/08/03,NVDA,NVDA,S,CBOE,44413
2022/08/04,NVDA,NVDA,S,CBOE,54297
2022/08/05,NVDA,NVDA,S,CBOE,46686
2022/08/08,NVDA,NVDA,S,CBOE,98224
2022/08/09,NVDA,NVDA,S,CBOE,78690
2022/08/10,NVDA,NVDA,S,CBOE,58942
2022/08/11,NVDA,NVDA,S,CBOE,63629
2022/08/12,NVDA,NVDA,S,CBOE,64536
2022/08/15,NVDA,NVDA,S,CBOE,63928
2022/08/16,NVDA,NVDA,S,CBOE,35152
2022/08/17,NVDA,NVDA,S,CBOE,36064
2022/08/18,NVDA,NVDA,S,CBOE,42522
2022/08/19,NVDA,NVDA,S,CBOE,48062
2022/08/22,NVDA,NVDA,S,CBOE,37032
2022/08/23,NVDA,NVDA,S,CBOE,28913
2022/08/24,NVDA,NVDA,S,CBOE,73335
2022/08/25,NVDA,NVDA,S,CBOE,120329
2022/08/26,NVDA,NVDA,S,CBOE,98676
2022/08/29,NVDA,NVDA,S,CBOE,54001
2022/08/30,NVDA,NVDA,S,CBOE,47848
2022/08/31,NVDA,NVDA,S,CBOE,69737
2022/09/01,NVDA,NVDA,S,CBOE,166468
2022/09/02,NVDA,NVDA,S,CBOE,99836
2022/09/06,NVDA,NVDA,S,CBOE,35309
2022/09/07,NVDA,NVDA,S,CBOE,49925
2022/09/08,NVDA,NVDA,S,CBOE,54732
2022/09/09,NVDA,NVDA,S,CBOE,61975
2022/09/12,NVDA,NVDA,S,CBOE,40371
2022/09/13,NVDA,NVDA,S,CBOE,60425
2022/09/14,NVDA,NVDA,S,CBOE,56166
2022/09/15,NVDA,NVDA,S,CBOE,47821
2022/09/16,NVDA,NVDA,S,CBOE,61212
2022/09/19,NVDA,NVDA,S,CBOE,43414
2022/09/20,NVDA,NVDA,S,CBOE,34217
2022/09/21,NVDA,NVDA,S,CBOE,61883
2022/09/22,NVDA,NVDA,S,CBOE,70410
2022/09/23,NVDA,NVDA,S,CBOE,70932
2022/09/26,NVDA,NVDA,S,CBOE,48871
2022/09/27,NVDA,NVDA,S,CBOE,34209
2022/09/28,NVDA,NVDA,S,CBOE,28561
2022/09/29,NVDA,NVDA,S,CBOE,44186
2022/09/30,NVDA,NVDA,S,CBOE,43873
2022/10/03,NVDA,NVDA,S,CBOE,38720
2022/10/04,NVDA,NVDA,S,CBOE,40858
2022/10/05,NVDA,NVDA,S,CBOE,33576
2022/10/06,NVDA,NVDA,S,CBOE,69935
2022/10/07,NVDA,NVDA,S,CBOE,70065
2022/10/10,NVDA,NVDA,S,CBOE,57132
2022/10/11,NVDA,NVDA,S,CBOE,40547
2022/10/12,NVDA,NVDA,S,CBOE,31399
2022/10/13,NVDA,NVDA,S,CBOE,66448
2022/10/14,NVDA,NVDA,S,CBOE,54951
2022/10/17,NVDA,NVDA,S,CBOE,39305
2022/10/18,NVDA,NVDA,S,CBOE,45368
2022/10/19,NVDA,NVDA,S,CBOE,36934
2022/10/20,NVDA,NVDA,S,CBOE,61665
2022/10/21,NVDA,NVDA,S,CBOE,56789
2022/10/24,NVDA,NVDA,S,CBOE,38210
2022/10/25,NVDA,NVDA,S,CBOE,45607
2022/10/26,NVDA,NVDA,S,CBOE,40461
2022/10/27,NVDA,NVDA,S,CBOE,58182
2022/10/28,NVDA,NVDA,S,CBOE,53746
2022/10/31,NVDA,NVDA,S,CBOE,34190
2022/11/01,NVDA,NVDA,S,CBOE,27082
2022/11/02,NVDA,NVDA,S,CBOE,54951
2022/11/03,NVDA,NVDA,S,CBOE,45822
2022/11/04,NVDA,NVDA,S,CBOE,65257
2022/11/07,NVDA,NVDA,S,CBOE,29880
2022/11/08,NVDA,NVDA,S,CBOE,72834
2022/11/09,NVDA,NVDA,S,CBOE,50530
2022/11/10,NVDA,NVDA,S,CBOE,74650
2022/11/11,NVDA,NVDA,S,CBOE,75983
2022/11/14,NVDA,NVDA,S,CBOE,46250
2022/11/15,NVDA,NVDA,S,CBOE,43581
2022/11/16,NVDA,NVDA,S,CBOE,91921
2022/11/17,NVDA,NVDA,S,CBOE,101998
2022/11/18,NVDA,NVDA,S,CBOE,98520
2022/11/21,NVDA,NVDA,S,CBOE,37369
2022/11/22,NVDA,NVDA,S,CBOE,59277
2022/11/23,NVDA,NVDA,S,CBOE,54635
2022/11/25,NVDA,NVDA,S,CBOE,24749
2022/11/28,NVDA,NVDA,S,CBOE,29157
2022/11/29,NVDA,NVDA,S,CBOE,25748
2022/11/30,NVDA,NVDA,S,CBOE,58906
2022/12/01,NVDA,NVDA,S,CBOE,51993
2022/12/02,NVDA,NVDA,S,CBOE,43573
2022/12/05,NVDA,NVDA,S,CBOE,32472
2022/12/06,NVDA,NVDA,S,CBOE,35503
2022/12/07,NVDA,NVDA,S,CBOE,43020
2022/12/08,NVDA,NVDA,S,CBOE,61532
2022/12/09,NVDA,NVDA,S,CBOE,71195
2022/12/12,NVDA,NVDA,S,CBOE,35115
2022/12/13,NVDA,NVDA,S,CBOE,52299
2022/12/14,NVDA,NVDA,S,CBOE,46656
2022/12/15,NVDA,NVDA,S,CBOE,56874
2022/12/16,NVDA,NVDA,S,CBOE,49371
2022/12/19,NVDA,NVDA,S,CBOE,35464
2022/12/20,NVDA,NVDA,S,CBOE,30312
2022/12/21,NVDA,NVDA,S,CBOE,48311
2022/12/22,NVDA,NVDA,S,CBOE,80168
2022/12/23,NVDA,NVDA,S,CBOE,40562
2022/12/27,NVDA,NVDA,S,CBOE,59923
2022/12/28,NVDA,NVDA,S,CBOE,83181
2022/12/29,NVDA,NVDA,S,CBOE,81158
2022/12/30,NVDA,NVDA,S,CBOE,41281
2023/01/03,NVDA,NVDA,S,CBOE,26826
2023/01/04,NVDA,NVDA,S,CBOE,47988
2023/01/05,NVDA,NVDA,S,CBOE,46040
2023/01/06,NVDA,NVDA,S,CBOE,61913
2023/01/09,NVDA,NVDA,S,CBOE,58279
2023/01/10,NVDA,NVDA,S,CBOE,28580
2023/01/11,NVDA,NVDA,S,CBOE,31950
2023/01/12,NVDA,NVDA,S,CBOE,55589
2023/01/13,NVDA,NVDA,S,CBOE,72140
2023/01/17,NVDA,NVDA,S,CBOE,53247
2023/01/18,NVDA,NVDA,S,CBOE,59527
2023/01/19,NVDA,NVDA,S,CBOE,45223
2023/01/20,NVDA,NVDA,S,CBOE,63634
2023/01/23,NVDA,NVDA,S,CBOE,81021
2023/01/24,NVDA,NVDA,S,CBOE,50772
2023/01/25,NVDA,NVDA,S,CBOE,51499
2023/01/26,NVDA,NVDA,S,CBOE,69556
2023/01/27,NVDA,NVDA,S,CBOE,101282
2023/01/30,NVDA,NVDA,S,CBOE,47834
2023/01/31,NVDA,NVDA,S,CBOE,34765
2023/02/01,NVDA,NVDA,S,CBOE,76976
2023/02/02,NVDA,NVDA,S,CBOE,66099
2023/02/03,NVDA,NVDA,S,CBOE,62643
2023/02/06,NVDA,NVDA,S,CBOE,48302
2023/02/07,NVDA,NVDA,S,CBOE,71257
2023/02/08,NVDA,NVDA,S,CBOE,73292
2023/02/09,NVDA,NVDA,S,CBOE,85154
2023/02/10,NVDA,NVDA,S,CBOE,96424
2023/02/13,NVDA,NVDA,S,CBOE,39630
2023/02/14,NVDA,NVDA,S,CBOE,73990
2023/02/15,NVDA,NVDA,S,CBOE,52623
2023/02/16,NVDA,NVDA,S,CBOE,53343
2023/02/17,NVDA,NVDA,S,CBOE,81028
2023/02/21,NVDA,NVDA,S,CBOE,39111
2023/02/22,NVDA,NVDA,S,CBOE,68368
2023/02/23,NVDA,NVDA,S,CBOE,191154
2023/02/24,NVDA,NVDA,S,CBOE,102719
2023/02/27,NVDA,NVDA,S,CBOE,55425
2023/02/28,NVDA,NVDA,S,CBOE,55985
2023/03/01,NVDA,NVDA,S,CBOE,66739
2023/03/02,NVDA,NVDA,S,CBOE,56347
2023/03/03,NVDA,NVDA,S,CBOE,72514
2023/03/06,NVDA,NVDA,S,CBOE,54131
2023/03/07,NVDA,NVDA,S,CBOE,58614
2023/03/08,NVDA,NVDA,S,CBOE,70273
2023/03/09,NVDA,NVDA,S,CBOE,81937
2023/03/10,NVDA,NVDA,S,CBOE,89087
2023/03/13,NVDA,NVDA,S,CBOE,50737
2023/03/14,NVDA,NVDA,S,CBOE,65709
2023/03/15,NVDA,NVDA,S,CBOE,54433
2023/03/16,NVDA,NVDA,S,CBOE,114867
2023/03/17,NVDA,NVDA,S,CBOE,144576
2023/03/20,NVDA,NVDA,S,CBOE,61766
2023/03/21,NVDA,NVDA,S,CBOE,77729
2023/03/22,NVDA,NVDA,S,CBOE,125500
2023/03/23,NVDA,NVDA,S,CBOE,88627
2023/03/24,NVDA,NVDA,S,CBOE,91676
2023/03/27,NVDA,NVDA,S,CBOE,51658
2023/03/28,NVDA,NVDA,S,CBOE,48334
2023/03/29,NVDA,NVDA,S,CBOE,55688
2023/03/30,NVDA,NVDA,S,CBOE,62579
2023/03/31,NVDA,NVDA,S,CBOE,89438
2023/04/03,NVDA,NVDA,S,CBOE,43544
2023/04/04,NVDA,NVDA,S,CBOE,43728
2023/04/05,NVDA,NVDA,S,CBOE,91708
2023/04/06,NVDA,NVDA,S,CBOE,66491
2023/04/10,NVDA,NVDA,S,CBOE,60602
2023/04/11,NVDA,NVDA,S,CBOE,38641
2023/04/12,NVDA,NVDA,S,CBOE,69908
2023/04/13,NVDA,NVDA,S,CBOE,68665
2023/04/14,NVDA,NVDA,S,CBOE,89966
2023/04/17,NVDA,NVDA,S,CBOE,39252
2023/04/18,NVDA,NVDA,S,CBOE,83937
2023/04/19,NVDA,NVDA,S,CBOE,48583
2023/04/20,NVDA,NVDA,S,CBOE,94971
2023/04/21,NVDA,NVDA,S,CBOE,81073
2023/04/24,NVDA,NVDA,S,CBOE,47828
2023/04/25,NVDA,NVDA,S,CBOE,55361
2023/04/26,NVDA,NVDA,S,CBOE,58662
2023/04/27,NVDA,NVDA,S,CBOE,54934
2023/04/28,NVDA,NVDA,S,CBOE,69879
2023/05/01,NVDA,NVDA,S,CBOE,102370
2023/05/02,NVDA,NVDA,S,CBOE,55204
2023/05/03,NVDA,NVDA,S,CBOE,72279
2023/05/04,NVDA,NVDA,S,CBOE,60589
2023/05/05,NVDA,NVDA,S,CBOE,103450
2023/05/08,NVDA,NVDA,S,CBOE,80107
2023/05/09,NVDA,NVDA,S,CBOE,53711
2023/05/10,NVDA,NVDA,S,CBOE,64859
2023/05/11,NVDA,NVDA,S,CBOE,61898
2023/05/12,NVDA,NVDA,S,CBOE,62239
2023/05/15,NVDA,NVDA,S,CBOE,52587
2023/05/16,NVDA,NVDA,S,CBOE,105444
2023/05/17,NVDA,NVDA,S,CBOE,95157
2023/05/18,NVDA,NVDA,S,CBOE,179302
2023/05/19,NVDA,NVDA,S,CBOE,103450
2023/05/22,NVDA,NVDA,S,CBOE,40535
2023/05/23,NVDA,NVDA,S,CBOE,59481
2023/05/24,NVDA,NVDA,S,CBOE,101329
2023/05/25,NVDA,NVDA,S,CBOE,275859
2023/05/26,NVDA,NVDA,S,CBOE,148545
2023/05/30,NVDA,NVDA,S,CBOE,146996
2023/05/31,NVDA,NVDA,S,CBOE,119555
2023/06/01,NVDA,NVDA,S,CBOE,116446
2023/06/02,NVDA,NVDA,S,CBOE,139460
2023/06/05,NVDA,NVDA,S,CBOE,69867
2023/06/06,NVDA,NVDA,S,CBOE,101161
2023/06/07,NVDA,NVDA,S,CBOE,115725
2023/06/08,NVDA,NVDA,S,CBOE,109292
2023/06/09,NVDA,NVDA,S,CBOE,149786
2023/06/12,NVDA,NVDA,S,CBOE,53387
2023/06/13,NVDA,NVDA,S,CBOE,141208
2023/06/14,NVDA,NVDA,S,CBOE,199540
2023/06/15,NVDA,NVDA,S,CBOE,137199
2023/06/16,NVDA,NVDA,S,CBOE,154043
2023/06/20,NVDA,NVDA,S,CBOE,92603
2023/06/21,NVDA,NVDA,S,CBOE,107281
2023/06/22,NVDA,NVDA,S,CBOE,106809
2023/06/23,NVDA,NVDA,S,CBOE,117131
2023/06/26,NVDA,NVDA,S,CBOE,129523
2023/06/27,NVDA,NVDA,S,CBOE,93770
2023/06/28,NVDA,NVDA,S,CBOE,118805
2023/06/29,NVDA,NVDA,S,CBOE,87226
2023/06/30,NVDA,NVDA,S,CBOE,154785
2023/07/03,NVDA,NVDA,S,CBOE,62413
2023/07/05,NVDA,NVDA,S,CBOE,83883
2023/07/06,NVDA,NVDA,S,CBOE,82348
2023/07/07,NVDA,NVDA,S,CBOE,125808
2023/07/10,NVDA,NVDA,S,CBOE,63718
2023/07/11,NVDA,NVDA,S,CBOE,66813
2023/07/12,NVDA,NVDA,S,CBOE,143658
2023/07/13,NVDA,NVDA,S,CBOE,190729
2023/07/14,NVDA,NVDA,S,CBOE,324467
2023/07/17,NVDA,NVDA,S,CBOE,113274
2023/07/18,NVDA,NVDA,S,CBOE,141450
2023/07/19,NVDA,NVDA,S,CBOE,97897
2023/07/20,NVDA,NVDA,S,CBOE,157330
2023/07/21,NVDA,NVDA,S,CBOE,184047
2023/07/24,NVDA,NVDA,S,CBOE,64462
2023/07/25,NVDA,NVDA,S,CBOE,98422
2023/07/26,NVDA,NVDA,S,CBOE,91763
2023/07/27,NVDA,NVDA,S,CBOE,177165
2023/07/28,NVDA,NVDA,S,CBOE,127265
2023/07/31,NVDA,NVDA,S,CBOE,67089
2023/08/01,NVDA,NVDA,S,CBOE,63412
2023/08/02,NVDA,NVDA,S,CBOE,151258
2023/08/03,NVDA,NVDA,S,CBOE,119931
2023/08/04,NVDA,NVDA,S,CBOE,155604
2023/08/07,NVDA,NVDA,S,CBOE,75805
2023/08/08,NVDA,NVDA,S,CBOE,81817
2023/08/09,NVDA,NVDA,S,CBOE,156929
2023/08/10,NVDA,NVDA,S,CBOE,137317
2023/08/11,NVDA,NVDA,S,CBOE,198792
2023/08/14,NVDA,NVDA,S,CBOE,178408
2023/08/15,NVDA,NVDA,S,CBOE,162111
2023/08/16,NVDA,NVDA,S,CBOE,107740
2023/08/17,NVDA,NVDA,S,CBOE,100329
2023/08/18,NVDA,NVDA,S,CBOE,192283
2023/08/21,NVDA,NVDA,S,CBOE,106005
2023/08/22,NVDA,NVDA,S,CBOE,127046
2023/08/23,NVDA,NVDA,S,CBOE,153105
2023/08/24,NVDA,NVDA,S,CBOE,303089
2023/08/25,NVDA,NVDA,S,CBOE,310823
2023/08/28,NVDA,NVDA,S,CBOE,139691
2023/08/29,NVDA,NVDA,S,CBOE,166370
2023/08/30,NVDA,NVDA,S,CBOE,180687
2023/08/31,NVDA,NVDA,S,CBOE,112301
2023/09/01,NVDA,NVDA,S,CBOE,155163
2023/09/05,NVDA,NVDA,S,CBOE,73484
2023/09/06,NVDA,NVDA,S,CBOE,121504
2023/09/07,NVDA,NVDA,S,CBOE,124328
2023/09/08,NVDA,NVDA,S,CBOE,142787
2023/09/11,NVDA,NVDA,S,CBOE,101293
2023/09/12,NVDA,NVDA,S,CBOE,75986
2023/09/13,NVDA,NVDA,S,CBOE,96111
2023/09/14,NVDA,NVDA,S,CBOE,90135
2023/09/15,NVDA,NVDA,S,CBOE,140914
2023/09/18,NVDA,NVDA,S,CBOE,107468
2023/09/19,NVDA,NVDA,S,CBOE,77025
2023/09/20,NVDA,NVDA,S,CBOE,81448
2023/09/21,NVDA,NVDA,S,CBOE,137516
2023/09/22,NVDA,NVDA,S,CBOE,136612
2023/09/25,NVDA,NVDA,S,CBOE,76938
2023/09/26,NVDA,NVDA,S,CBOE,85412
2023/09/27,NVDA,NVDA,S,CBOE,113562
2023/09/28,NVDA,NVDA,S,CBOE,127253
2023/09/29,NVDA,NVDA,S,CBOE,136422
2023/10/02,NVDA,NVDA,S,CBOE,116990
2023/10/03,NVDA,NVDA,S,CBOE,112263
2023/10/04,NVDA,NVDA,S,CBOE,79076
2023/10/05,NVDA,NVDA,S,CBOE,83002
2023/10/06,NVDA,NVDA,S,CBOE,162847
2023/10/09,NVDA,NVDA,S,CBOE,76135
2023/10/10,NVDA,NVDA,S,CBOE,76197
2023/10/11,NVDA,NVDA,S,CBOE,93593
2023/10/12,NVDA,NVDA,S,CBOE,148302
2023/10/13,NVDA,NVDA,S,CBOE,147756
2023/10/16,NVDA,NVDA,S,CBOE,72601
2023/10/17,NVDA,NVDA,S,CBOE,168396
2023/10/18,NVDA,NVDA,S,CBOE,156948
2023/10/19,NVDA,NVDA,S,CBOE,121977
2023/10/20,NVDA,NVDA,S,CBOE,149091
2023/10/23,NVDA,NVDA,S,CBOE,114747
2023/10/24,NVDA,NVDA,S,CBOE,81047
2023/10/25,NVDA,NVDA,S,CBOE,118847
2023/10/26,NVDA,NVDA,S,CBOE,159838
2023/10/27,NVDA,NVDA,S,CBOE,144844
2023/10/30,NVDA,NVDA,S,CBOE,73071
2023/10/31,NVDA,NVDA,S,CBOE,113896
2023/11/01,NVDA,NVDA,S,CBOE,93562
2023/11/02,NVDA,NVDA,S,CBOE,102854
2023/11/03,NVDA,NVDA,S,CBOE,155529
2023/11/06,NVDA,NVDA,S,CBOE,72142
2023/11/07,NVDA,NVDA,S,CBOE,84546
2023/11/08,NVDA,NVDA,S,CBOE,82453
2023/11/09,NVDA,NVDA,S,CBOE,161748
2023/11/10,NVDA,NVDA,S,CBOE,126873
2023/11/13,NVDA,NVDA,S,CBOE,89432
2023/11/14,NVDA,NVDA,S,CBOE,118095
2023/11/15,NVDA,NVDA,S,CBOE,118391
2023/11/16,NVDA,NVDA,S,CBOE,131819
2023/11/17,NVDA,NVDA,S,CBOE,131526
2023/11/20,NVDA,NVDA,S,CBOE,114351
2023/11/21,NVDA,NVDA,S,CBOE,137558
2023/11/22,NVDA,NVDA,S,CBOE,252601
2023/11/24,NVDA,NVDA,S,CBOE,103071
2023/11/27,NVDA,NVDA,S,CBOE,97877
2023/11/28,NVDA,NVDA,S,CBOE,100911
2023/11/29,NVDA,NVDA,S,CBOE,82829
2023/11/30,NVDA,NVDA,S,CBOE,142252
2023/12/01,NVDA,NVDA,S,CBOE,148361
2023/12/04,NVDA,NVDA,S,CBOE,114289
2023/12/05,NVDA,NVDA,S,CBOE,85900
2023/12/06,NVDA,NVDA,S,CBOE,78242
2023/12/07,NVDA,NVDA,S,CBOE,76222
2023/12/08,NVDA,NVDA,S,CBOE,136013
2023/12/11,NVDA,NVDA,S,CBOE,102629
2023/12/12,NVDA,NVDA,S,CBOE,77446
2023/12/13,NVDA,NVDA,S,CBOE,129445
2023/12/14,NVDA,NVDA,S,CBOE,110697
2023/12/15,NVDA,NVDA,S,CBOE,171413
2023/12/18,NVDA,NVDA,S,CBOE,117899
2023/12/19,NVDA,NVDA,S,CBOE,103575
2023/12/20,NVDA,NVDA,S,CBOE,99229
2023/12/21,NVDA,NVDA,S,CBOE,85404
2023/12/22,NVDA,NVDA,S,CBOE,104819
2023/12/26,NVDA,NVDA,S,CBOE,91008
2023/12/27,NVDA,NVDA,S,CBOE,92229
2023/12/28,NVDA,NVDA,S,CBOE,109046
2023/12/29,NVDA,NVDA,S,CBOE,163636
2024/01/02,NVDA,NVDA,S,CBOE,101833
2024/01/03,NVDA,NVDA,S,CBOE,93949
2024/01/04,NVDA,NVDA,S,CBOE,84385
2024/01/05,NVDA,NVDA,S,CBOE,171686
2024/01/08,NVDA,NVDA,S,CBOE,235990
2024/01/09,NVDA,NVDA,S,CBOE,261351
2024/01/10,NVDA,NVDA,S,CBOE,157930
2024/01/11,NVDA,NVDA,S,CBOE,187706
2024/01/12,NVDA,NVDA,S,CBOE,142668
2024/01/16,NVDA,NVDA,S,CBOE,157975
2024/01/17,NVDA,NVDA,S,CBOE,110807
2024/01/18,NVDA,NVDA,S,CBOE,167928
2024/01/19,NVDA,NVDA,S,CBOE,267810
2024/01/22,NVDA,NVDA,S,CBOE,124498
2024/01/23,NVDA,NVDA,S,CBOE,70192
2024/01/24,NVDA,NVDA,S,CBOE,214156
2024/01/25,NVDA,NVDA,S,CBOE,154249
2024/01/26,NVDA,NVDA,S,CBOE,166256
2024/01/29,NVDA,NVDA,S,CBOE,95903
2024/01/30,NVDA,NVDA,S,CBOE,125537
2024/01/31,NVDA,NVDA,S,CBOE,103747
2024/02/01,NVDA,NVDA,S,CBOE,110316
2024/02/02,NVDA,NVDA,S,CBOE,261001
2024/02/05,NVDA,NVDA,S,CBOE,216412
2024/02/06,NVDA,NVDA,S,CBOE,148847
2024/02/07,NVDA,NVDA,S,CBOE,135781
2024/02/08,NVDA,NVDA,S,CBOE,123855
2024/02/09,NVDA,NVDA,S,CBOE,184829
2024/02/12,NVDA,NVDA,S,CBOE,182305
2024/02/13,NVDA,NVDA,S,CBOE,137953
2024/02/14,NVDA,NVDA,S,CBOE,127239
2024/02/15,NVDA,NVDA,S,CBOE,100271
2024/02/16,NVDA,NVDA,S,CBOE,163485
2024/02/20,NVDA,NVDA,S,CBOE,122808
2024/02/21,NVDA,NVDA,S,CBOE,167052
2024/02/22,NVDA,NVDA,S,CBOE,308776
2024/02/23,NVDA,NVDA,S,CBOE,359242
2024/02/26,NVDA,NVDA,S,CBOE,104643
2024/02/27,NVDA,NVDA,S,CBOE,91007
2024/02/28,NVDA,NVDA,S,CBOE,86338
2024/02/29,NVDA,NVDA,S,CBOE,120854
2024/03/01,NVDA,NVDA,S,CBOE,195740
2024/03/04,NVDA,NVDA,S,CBOE,199189
2024/03/05,NVDA,NVDA,S,CBOE,91378
2024/03/06,NVDA,NVDA,S,CBOE,150087
2024/03/07,NVDA,NVDA,S,CBOE,190915
2024/03/08,NVDA,NVDA,S,CBOE,415090
2024/03/11,NVDA,NVDA,S,CBOE,119768
2024/03/12,NVDA,NVDA,S,CBOE,148479
2024/03/13,NVDA,NVDA,S,CBOE,114806
2024/03/14,NVDA,NVDA,S,CBOE,146797
2024/03/15,NVDA,NVDA,S,CBOE,195860
2024/03/18,NVDA,NVDA,S,CBOE,119432
2024/03/19,NVDA,NVDA,S,CBOE,155542
2024/03/20,NVDA,NVDA,S,CBOE,117461
2024/03/21,NVDA,NVDA,S,CBOE,171491
2024/03/22,NVDA,NVDA,S,CBOE,249828
2024/03/25,NVDA,NVDA,S,CBOE,160337
2024/03/26,NVDA,NVDA,S,CBOE,131115
2024/03/27,NVDA,NVDA,S,CBOE,195741
2024/03/28,NVDA,NVDA,S,CBOE,181330
2024/04/01,NVDA,NVDA,S,CBOE,114554
2024/04/02,NVDA,NVDA,S,CBOE,96198
2024/04/03,NVDA,NVDA,S,CBOE,114701
2024/04/04,NVDA,NVDA,S,CBOE,154677
2024/04/05,NVDA,NVDA,S,CBOE,174754
2024/04/08,NVDA,NVDA,S,CBOE,75443
2024/04/09,NVDA,NVDA,S,CBOE,128623
2024/04/10,NVDA,NVDA,S,CBOE,112419
2024/04/11,NVDA,NVDA,S,CBOE,180978
2024/04/12,NVDA,NVDA,S,CBOE,185691
2024/04/15,NVDA,NVDA,S,CBOE,117125
2024/04/16,NVDA,NVDA,S,CBOE,90659
2024/04/17,NVDA,NVDA,S,CBOE,139854
2024/04/18,NVDA,NVDA,S,CBOE,144825
2024/04/19,NVDA,NVDA,S,CBOE,289309
2024/04/22,NVDA,NVDA,S,CBOE,152016
2024/04/23,NVDA,NVDA,S,CBOE,116941
2024/04/24,NVDA,NVDA,S,CBOE,137944
2024/04/25,NVDA,NVDA,S,CBOE,137163
2024/04/26,NVDA,NVDA,S,CBOE,249887
2024/04/29,NVDA,NVDA,S,CBOE,84178
2024/04/30,NVDA,NVDA,S,CBOE,89037
2024/05/01,NVDA,NVDA,S,CBOE,175521
2024/05/02,NVDA,NVDA,S,CBOE,120561
2024/05/03,NVDA,NVDA,S,CBOE,212722
2024/05/06,NVDA,NVDA,S,CBOE,118272
2024/05/07,NVDA,NVDA,S,CBOE,105793
2024/05/08,NVDA,NVDA,S,CBOE,99082
2024/05/09,NVDA,NVDA,S,CBOE,138236
2024/05/10,NVDA,NVDA,S,CBOE,182517
2024/05/13,NVDA,NVDA,S,CBOE,73784
2024/05/14,NVDA,NVDA,S,CBOE,98688
2024/05/15,NVDA,NVDA,S,CBOE,166471
2024/05/16,NVDA,NVDA,S,CBOE,116774
2024/05/17,NVDA,NVDA,S,CBOE,164643
2024/05/20,NVDA,NVDA,S,CBOE,73362
2024/05/21,NVDA,NVDA,S,CBOE,64881
2024/05/22,NVDA,NVDA,S,CBOE,147574
2024/05/23,NVDA,NVDA,S,CBOE,277376
2024/05/24,NVDA,NVDA,S,CBOE,227533
2024/05/28,NVDA,NVDA,S,CBOE,241391
2024/05/29,NVDA,NVDA,S,CBOE,162985
2024/05/30,NVDA,NVDA,S,CBOE,186438
2024/05/31,NVDA,NVDA,S,CBOE,230159
2024/06/03,NVDA,NVDA,S,CBOE,122810
2024/06/04,NVDA,NVDA,S,CBOE,99579
2024/06/05,NVDA,NVDA,S,CBOE,214364
2024/06/06,NVDA,NVDA,S,CBOE,218922
2024/06/07,NVDA,NVDA,S,CBOE,203630
2024/06/10,NVDA,NVDA,S,CBOE,590364
2024/06/11,NVDA,NVDA,S,CBOE,344979
2024/06/12,NVDA,NVDA,S,CBOE,755417
2024/06/13,NVDA,NVDA,S,CBOE,667753
2024/06/14,NVDA,NVDA,S,CBOE,906690
2024/06/17,NVDA,NVDA,S,CBOE,448610
2024/06/18,NVDA,NVDA,S,CBOE,675012
2024/06/20,NVDA,NVDA,S,CBOE,989860
2024/06/21,NVDA,NVDA,S,CBOE,875964
2024/06/24,NVDA,NVDA,S,CBOE,667405
2024/06/25,NVDA,NVDA,S,CBOE,548166
2024/06/26,NVDA,NVDA,S,CBOE,569454
2024/06/27,NVDA,NVDA,S,CBOE,360636
2024/06/28,NVDA,NVDA,S,CBOE,590125
2024/07/01,NVDA,NVDA,S,CBOE,367640
2024/07/02,NVDA,NVDA,S,CBOE,288139
2024/07/03,NVDA,NVDA,S,CBOE,431398
2024/07/05,NVDA,NVDA,S,CBOE,433426
2024/07/08,NVDA,NVDA,S,CBOE,331055
2024/07/09,NVDA,NVDA,S,CBOE,483136
2024/07/10,NVDA,NVDA,S,CBOE,436409
2024/07/11,NVDA,NVDA,S,CBOE,544019
2024/07/12,NVDA,NVDA,S,CBOE,537969
2024/07/15,NVDA,NVDA,S,CBOE,308981
2024/07/16,NVDA,NVDA,S,CBOE,315678
2024/07/17,NVDA,NVDA,S,CBOE,677993
2024/07/18,NVDA,NVDA,S,CBOE,525087
2024/07/19,NVDA,NVDA,S,CBOE,610121
2024/07/22,NVDA,NVDA,S,CBOE,375971
2024/07/23,NVDA,NVDA,S,CBOE,227525
2024/07/24,NVDA,NVDA,S,CBOE,540943
2024/07/25,NVDA,NVDA,S,CBOE,688943
2024/07/26,NVDA,NVDA,S,CBOE,435831
2024/07/29,NVDA,NVDA,S,CBOE,257359
2024/07/30,NVDA,NVDA,S,CBOE,611192
2024/07/31,NVDA,NVDA,S,CBOE,652316
2024/08/01,NVDA,NVDA,S,CBOE,634519
2024/08/02,NVDA,NVDA,S,CBOE,712364
2024/08/05,NVDA,NVDA,S,CBOE,471861
2024/08/06,NVDA,NVDA,S,CBOE,400450
2024/08/07,NVDA,NVDA,S,CBOE,403276
2024/08/08,NVDA,NVDA,S,CBOE,484199
2024/08/09,NVDA,NVDA,S,CBOE,491551
2024/08/12,NVDA,NVDA,S,CBOE,383945
2024/08/13,NVDA,NVDA,S,CBOE,402694
2024/08/14,NVDA,NVDA,S,CBOE,338086
2024/08/15,NVDA,NVDA,S,CBOE,568142
2024/08/16,NVDA,NVDA,S,CBOE,497637
2024/08/19,NVDA,NVDA,S,CBOE,509541
2024/08/20,NVDA,NVDA,S,CBOE,345543
2024/08/21,NVDA,NVDA,S,CBOE,228087
2024/08/22,NVDA,NVDA,S,CBOE,437811
2024/08/23,NVDA,NVDA,S,CBOE,419965
2024/08/26,NVDA,NVDA,S,CBOE,252171
2024/08/27,NVDA,NVDA,S,CBOE,263447
2024/08/28,NVDA,NVDA,S,CBOE,557981
2024/08/29,NVDA,NVDA,S,CBOE,737115
2024/08/30,NVDA,NVDA,S,CBOE,496608
2024/09/03,NVDA,NVDA,S,CBOE,471747
2024/09/04,NVDA,NVDA,S,CBOE,353188
2024/09/05,NVDA,NVDA,S,CBOE,253983
2024/09/06,NVDA,NVDA,S,CBOE,535855
2024/09/09,NVDA,NVDA,S,CBOE,203392
2024/09/10,NVDA,NVDA,S,CBOE,225143
2024/09/11,NVDA,NVDA,S,CBOE,480548
2024/09/12,NVDA,NVDA,S,CBOE,510079
2024/09/13,NVDA,NVDA,S,CBOE,332445
2024/09/16,NVDA,NVDA,S,CBOE,239586
2024/09/17,NVDA,NVDA,S,CBOE,218006
2024/09/18,NVDA,NVDA,S,CBOE,283900
2024/09/19,NVDA,NVDA,S,CBOE,349692
2024/09/20,NVDA,NVDA,S,CBOE,311418
2024/09/23,NVDA,NVDA,S,CBOE,229322
2024/09/24,NVDA,NVDA,S,CBOE,388498
2024/09/25,NVDA,NVDA,S,CBOE,438684
2024/09/26,NVDA,NVDA,S,CBOE,348878
2024/09/27,NVDA,NVDA,S,CBOE,386323
2024/09/30,NVDA,NVDA,S,CBOE,220732
2024/10/01,NVDA,NVDA,S,CBOE,310403
2024/10/02,NVDA,NVDA,S,CBOE,204464
2024/10/03,NVDA,NVDA,S,CBOE,373045
2024/10/04,NVDA,NVDA,S,CBOE,543001
2024/10/07,NVDA,NVDA,S,CBOE,512582
2024/10/08,NVDA,NVDA,S,CBOE,465000
2024/10/09,NVDA,NVDA,S,CBOE,315594
2024/10/10,NVDA,NVDA,S,CBOE,451812
2024/10/11,NVDA,NVDA,S,CBOE,362764
2024/10/14,NVDA,NVDA,S,CBOE,437169
2024/10/15,NVDA,NVDA,S,CBOE,456617
2024/10/16,NVDA,NVDA,S,CBOE,318519
2024/10/17,NVDA,NVDA,S,CBOE,585082
2024/10/18,NVDA,NVDA,S,CBOE,699763
2024/10/21,NVDA,NVDA,S,CBOE,397672
2024/10/22,NVDA,NVDA,S,CBOE,321573
2024/10/23,NVDA,NVDA,S,CBOE,318865
2024/10/24,NVDA,NVDA,S,CBOE,242351
2024/10/25,NVDA,NVDA,S,CBOE,738061
2024/10/28,NVDA,NVDA,S,CBOE,178547
2024/10/29,NVDA,NVDA,S,CBOE,166725
2024/10/30,NVDA,NVDA,S,CBOE,305258
2024/10/31,NVDA,NVDA,S,CBOE,818052
2024/11/01,NVDA,NVDA,S,CBOE,345829
2024/11/04,NVDA,NVDA,S,CBOE,163687
2024/11/05,NVDA,NVDA,S,CBOE,181847
2024/11/06,NVDA,NVDA,S,CBOE,377231
2024/11/07,NVDA,NVDA,S,CBOE,690319
2024/11/08,NVDA,NVDA,S,CBOE,396435
2024/11/11,NVDA,NVDA,S,CBOE,249177
2024/11/12,NVDA,NVDA,S,CBOE,311433
2024/11/13,NVDA,NVDA,S,CBOE,209654
2024/11/14,NVDA,NVDA,S,CBOE,353892
2024/11/15,NVDA,NVDA,S,CBOE,529683
2024/11/18,NVDA,NVDA,S,CBOE,287108
2024/11/19,NVDA,NVDA,S,CBOE,296023
2024/11/20,NVDA,NVDA,S,CBOE,468816
2024/11/21,NVDA,NVDA,S,CBOE,765809
2024/11/22,NVDA,NVDA,S,CBOE,603861
2024/11/25,NVDA,NVDA,S,CBOE,515729
2024/11/26,NVDA,NVDA,S,CBOE,672085
2024/11/27,NVDA,NVDA,S,CBOE,383113
2024/11/29,NVDA,NVDA,S,CBOE,317541
2024/12/02,NVDA,NVDA,S,CBOE,259207
2024/12/03,NVDA,NVDA,S,CBOE,181861
2024/12/04,NVDA,NVDA,S,CBOE,638850
2024/12/05,NVDA,NVDA,S,CBOE,298899
2024/12/06,NVDA,NVDA,S,CBOE,407405
2024/12/09,NVDA,NVDA,S,CBOE,478803
2024/12/10,NVDA,NVDA,S,CBOE,429897
2024/12/11,NVDA,NVDA,S,CBOE,289729
2024/12/12,NVDA,NVDA,S,CBOE,244898
2024/12/13,NVDA,NVDA,S,CBOE,490052
2024/12/16,NVDA,NVDA,S,CBOE,306045
2024/12/17,NVDA,NVDA,S,CBOE,610813
2024/12/18,NVDA,NVDA,S,CBOE,577236
2024/12/19,NVDA,NVDA,S,CBOE,327374
2024/12/20,NVDA,NVDA,S,CBOE,438937
2024/12/23,NVDA,NVDA,S,CBOE,421287
2024/12/24,NVDA,NVDA,S,CBOE,230439
2024/12/26,NVDA,NVDA,S,CBOE,228284
2024/12/27,NVDA,NVDA,S,CBOE,380606
2024/12/30,NVDA,NVDA,S,CBOE,254448
2024/12/31,NVDA,NVDA,S,CBOE,303347
2025/01/02,NVDA,NVDA,S,CBOE,288946
2025/01/03,NVDA,NVDA,S,CBOE,810921
2025/01/06,NVDA,NVDA,S,CBOE,765528
2025/01/07,NVDA,NVDA,S,CBOE,935717
2025/01/08,NVDA,NVDA,S,CBOE,351342
2025/01/10,NVDA,NVDA,S,CBOE,382273
2025/01/13,NVDA,NVDA,S,CBOE,339660
2025/01/14,NVDA,NVDA,S,CBOE,379160
2025/01/15,NVDA,NVDA,S,CBOE,266813
2025/01/16,NVDA,NVDA,S,CBOE,266919
2025/01/17,NVDA,NVDA,S,CBOE,545025
2025/01/21,NVDA,NVDA,S,CBOE,297685
2025/01/22,NVDA,NVDA,S,CBOE,412075
2025/01/23,NVDA,NVDA,S,CBOE,263450
2025/01/24,NVDA,NVDA,S,CBOE,483227
2025/01/27,NVDA,NVDA,S,CBOE,1149853
2025/01/28,NVDA,NVDA,S,CBOE,663050
2025/01/29,NVDA,NVDA,S,CBOE,452605
2025/01/30,NVDA,NVDA,S,CBOE,646175
2025/01/31,NVDA,NVDA,S,CBOE,801195
2025/02/03,NVDA,NVDA,S,CBOE,411389
2025/02/04,NVDA,NVDA,S,CBOE,254924
2025/02/05,NVDA,NVDA,S,CBOE,308424
2025/02/06,NVDA,NVDA,S,CBOE,383666
2025/02/07,NVDA,NVDA,S,CBOE,563515
2025/02/10,NVDA,NVDA,S,CBOE,449967
2025/02/11,NVDA,NVDA,S,CBOE,209343
2025/02/12,NVDA,NVDA,S,CBOE,213196
2025/02/13,NVDA,NVDA,S,CBOE,247284
2025/02/14,NVDA,NVDA,S,CBOE,486737
2025/02/18,NVDA,NVDA,S,CBOE,311746
2025/02/19,NVDA,NVDA,S,CBOE,206820
2025/02/20,NVDA,NVDA,S,CBOE,265845
2025/02/21,NVDA,NVDA,S,CBOE,433366
2025/02/24,NVDA,NVDA,S,CBOE,238808
2025/02/25,NVDA,NVDA,S,CBOE,294590
2025/02/26,NVDA,NVDA,S,CBOE,495049
2025/02/27,NVDA,NVDA,S,CBOE,929836
2025/02/28,NVDA,NVDA,S,CBOE,901861
2025/03/03,NVDA,NVDA,S,CBOE,462431
2025/03/04,NVDA,NVDA,S,CBOE,522843
2025/03/05,NVDA,NVDA,S,CBOE,366991
2025/03/06,NVDA,NVDA,S,CBOE,402023
2025/03/07,NVDA,NVDA,S,CBOE,589145
2025/03/10,NVDA,NVDA,S,CBOE,461569
2025/03/11,NVDA,NVDA,S,CBOE,465105
2025/03/12,NVDA,NVDA,S,CBOE,408193
2025/03/13,NVDA,NVDA,S,CBOE,471219
2025/03/14,NVDA,NVDA,S,CBOE,580254
2025/03/17,NVDA,NVDA,S,CBOE,341737
2025/03/18,NVDA,NVDA,S,CBOE,369057
2025/03/19,NVDA,NVDA,S,CBOE,357345
2025/03/20,NVDA,NVDA,S,CBOE,403487
2025/03/21,NVDA,NVDA,S,CBOE,473939
2025/03/24,NVDA,NVDA,S,CBOE,317232
2025/03/25,NVDA,NVDA,S,CBOE,158660
2025/03/26,NVDA,NVDA,S,CBOE,434407
2025/03/27,NVDA,NVDA,S,CBOE,456672
2025/03/28,NVDA,NVDA,S,CBOE,550824
2025/03/31,NVDA,NVDA,S,CBOE,561908
2025/04/01,NVDA,NVDA,S,CBOE,235923
2025/04/02,NVDA,NVDA,S,CBOE,158204
2025/04/03,NVDA,NVDA,S,CBOE,408782
2025/04/04,NVDA,NVDA,S,CBOE,939725
2025/04/07,NVDA,NVDA,S,CBOE,401001
2025/04/08,NVDA,NVDA,S,CBOE,355610
2025/04/09,NVDA,NVDA,S,CBOE,701755
2025/04/10,NVDA,NVDA,S,CBOE,451745
2025/04/11,NVDA,NVDA,S,CBOE,648465
2025/04/14,NVDA,NVDA,S,CBOE,250204
2025/04/15,NVDA,NVDA,S,CBOE,245090
2025/04/16,NVDA,NVDA,S,CBOE,473235
2025/04/17,NVDA,NVDA,S,CBOE,726950
2025/04/21,NVDA,NVDA,S,CBOE,296907
2025/04/22,NVDA,NVDA,S,CBOE,292642
2025/04/23,NVDA,NVDA,S,CBOE,335890
2025/04/24,NVDA,NVDA,S,CBOE,285389
2025/04/25,NVDA,NVDA,S,CBOE,585659
2025/04/28,NVDA,NVDA,S,CBOE,231182
2025/04/29,NVDA,NVDA,S,CBOE,161214
2025/04/30,NVDA,NVDA,S,CBOE,210690
2025/05/01,NVDA,NVDA,S,CBOE,368424
2025/05/02,NVDA,NVDA,S,CBOE,508657
2025/05/05,NVDA,NVDA,S,CBOE,131872
2025/05/06,NVDA,NVDA,S,CBOE,180206
2025/05/07,NVDA,NVDA,S,CBOE,198933
2025/05/08,NVDA,NVDA,S,CBOE,332419
2025/05/09,NVDA,NVDA,S,CBOE,455489
2025/05/12,NVDA,NVDA,S,CBOE,361367
2025/05/13,NVDA,NVDA,S,CBOE,910800
2025/05/14,NVDA,NVDA,S,CBOE,523108
2025/05/15,NVDA,NVDA,S,CBOE,365096
2025/05/16,NVDA,NVDA,S,CBOE,436345
2025/05/19,NVDA,NVDA,S,CBOE,198986
2025/05/20,NVDA,NVDA,S,CBOE,167571
2025/05/21,NVDA,NVDA,S,CBOE,393391
2025/05/22,NVDA,NVDA,S,CBOE,219031
2025/05/23,NVDA,NVDA,S,CBOE,322414
2025/05/27,NVDA,NVDA,S,CBOE,277358
2025/05/28,NVDA,NVDA,S,CBOE,560861
2025/05/29,NVDA,NVDA,S,CBOE,676007
2025/05/30,NVDA,NVDA,S,CBOE,568677
2025/06/02,NVDA,NVDA,S,CBOE,236066
2025/06/03,NVDA,NVDA,S,CBOE,322658
2025/06/04,NVDA,NVDA,S,CBOE,199365
2025/06/05,NVDA,NVDA,S,CBOE,328963
2025/06/06,NVDA,NVDA,S,CBOE,320716
2025/06/09,NVDA,NVDA,S,CBOE,269581
2025/06/10,NVDA,NVDA,S,CBOE,196453
2025/06/11,NVDA,NVDA,S,CBOE,294348
2025/06/12,NVDA,NVDA,S,CBOE,215309
2025/06/13,NVDA,NVDA,S,CBOE,280037
2025/06/16,NVDA,NVDA,S,CBOE,189297
2025/06/17,NVDA,NVDA,S,CBOE,112688
2025/06/18,NVDA,NVDA,S,CBOE,232371
2025/06/20,NVDA,NVDA,S,CBOE,269031
2025/06/23,NVDA,NVDA,S,CBOE,155680
2025/06/24,NVDA,NVDA,S,CBOE,243858
2025/06/25,NVDA,NVDA,S,CBOE,464477
2025/06/26,NVDA,NVDA,S,CBOE,294943
2025/06/27,NVDA,NVDA,S,CBOE,348390
2025/06/30,NVDA,NVDA,S,CBOE,158096
2025/07/01,NVDA,NVDA,S,CBOE,198599
2025/07/02,NVDA,NVDA,S,CBOE,202740
2025/07/03,NVDA,NVDA,S,CBOE,288708
2025/07/07,NVDA,NVDA,S,CBOE,136239
2025/07/08,NVDA,NVDA,S,CBOE,143380
2025/07/09,NVDA,NVDA,S,CBOE,335659
2025/07/10,NVDA,NVDA,S,CBOE,212878
2025/07/11,NVDA,NVDA,S,CBOE,431153
2025/07/14,NVDA,NVDA,S,CBOE,177773
2025/07/15,NVDA,NVDA,S,CBOE,435375
2025/07/16,NVDA,NVDA,S,CBOE,192849
2025/07/17,NVDA,NVDA,S,CBOE,303635
2025/07/18,NVDA,NVDA,S,CBOE,305011
2025/07/21,NVDA,NVDA,S,CBOE,156415
2025/07/22,NVDA,NVDA,S,CBOE,232044
2025/07/23,NVDA,NVDA,S,CBOE,230401
2025/07/24,NVDA,NVDA,S,CBOE,243664
2025/07/25,NVDA,NVDA,S,CBOE,331217
2025/07/28,NVDA,NVDA,S,CBOE,207744
2025/07/29,NVDA,NVDA,S,CBOE,306419
2025/07/30,NVDA,NVDA,S,CBOE,270674
2025/07/31,NVDA,NVDA,S,CBOE,435073
2025/08/01,NVDA,NVDA,S,CBOE,409182
2025/08/04,NVDA,NVDA,S,CBOE,212607
2025/08/05,NVDA,NVDA,S,CBOE,181151
2025/08/06,NVDA,NVDA,S,CBOE,190724
2025/08/07,NVDA,NVDA,S,CBOE,307217
2025/08/08,NVDA,NVDA,S,CBOE,321008
2025/08/11,NVDA,NVDA,S,CBOE,196052
2025/08/12,NVDA,NVDA,S,CBOE,222050
2025/08/13,NVDA,NVDA,S,CBOE,291024
2025/08/14,NVDA,NVDA,S,CBOE,255481
2025/08/15,NVDA,NVDA,S,CBOE,395145
2025/08/18,NVDA,NVDA,S,CBOE,178650
2025/08/19,NVDA,NVDA,S,CBOE,231502
2025/08/20,NVDA,NVDA,S,CBOE,338655
2025/08/21,NVDA,NVDA,S,CBOE,198067
2025/08/22,NVDA,NVDA,S,CBOE,353511
2025/08/25,NVDA,NVDA,S,CBOE,209114
2025/08/26,NVDA,NVDA,S,CBOE,195596
2025/08/27,NVDA,NVDA,S,CBOE,442174
2025/08/28,NVDA,NVDA,S,CBOE,531098
2025/08/29,NVDA,NVDA,S,CBOE,519063
2025/09/02,NVDA,NVDA,S,CBOE,282478
2025/09/03,NVDA,NVDA,S,CBOE,173861
2025/09/04,NVDA,NVDA,S,CBOE,147759
2025/09/05,NVDA,NVDA,S,CBOE,380877
2025/09/08,NVDA,NVDA,S,CBOE,178314
2025/09/09,NVDA,NVDA,S,CBOE,227542
2025/09/10,NVDA,NVDA,S,CBOE,419103
2025/09/11,NVDA,NVDA,S,CBOE,158688
2025/09/12,NVDA,NVDA,S,CBOE,222331
